Breed,Origin,fci,akc,NKC,ankc,tkc,nzkc,ukc
Affenpinscher,"Germany,France",Group 02 Section 01 #186,Toy Group,Group 01 (Toys),Group 05 - (Toys),Toy,Toy,Companion Dog
Afghan Hound,Afghanistan,Group 10 Section 01 #228,Hound Group,Group 04 (Hounds),Group 02 - (Hounds),Hound,Hound,Sighthound and Pariah
Aidi,Morocco,Group 02 Section 02 #247,,,,,,Guardian Dog
Airedale Terrier,England,Group 03 Section 01 #007,Terrier Group,Group 02 (Terriers),Group 04 - (Terriers),Terrier,Terrier,Terrier
Akbash,Turkey,,,,,,,Guardian Dog
Akita Inu,Japan,Group 05 Section 05 #255,See American Akita,See American Akita,See American Akita,Utility,Utility,Northern Breed
Alano Español,Spain,,,,,,,
Alaskan Klee Kai,United States,,,,,,,Northern Breed
Alaskan Malamute,United States,Group 05 Section 01 #243,Working Group,Group 06 (Utility),Group 03 – (Working Dogs),Working,Utility,Northern Breed
Alpine Dachsbracke,Austria,Group 06 Section 02 #254,,,,,,Scenthound
Alpine Spaniel,"Switzerland,Savoy",Extinct,Extinct,Extinct,Extinct,Extinct,Extinct,Extinct
American Akita,Japan/United States,Group 05 Section 05 #344,Working Group,Group 6 (Utility),Group 03 - (Working Dogs),Utility,Utility,Northern Breed
American Bulldog,United States,,,,,,,Guardian Dog
American Cocker Spaniel,United States,Group 08 Section 02 #167,Sporting Group,Group 03 (Gundogs),Group 01 Sporting Dogs,Gundog,Gundogs,Gun Dog
American Eskimo Dog,Germany,,Non-Sporting Group,,Group 06 (Non-sporting),,,Northern Breed
American Foxhound,United States,Group 06 Section 01 #303,Hound Group,,Group 02 (Hounds),,,Scenthound
American Hairless Terrier,United States,,,,,,,Terrier
American Pit Bull Terrier,United States,,,,,,,Terrier
American Staffordshire Terrier,United States,Group 03 Section 03 #286,Terrier Group,Group 02 (Terriers),Group 04 - Terrier,,Terrier,
American Water Spaniel,United States,Group 08 Section 03 #301,Sporting Group,,Sporting,,,Gun Dog
Anatolian Shepherd Dog,Turkey,Group 02 Section 02 #331,Working Group,Group 06 (Utility),,Pastoral,Utility,Guardian Dog
Anglo-Français de Petite Vénerie,France,Group 06 Section 01 #325,,,,,,Scenthound
Appenzeller Sennenhund,Switzerland,Group 02 Section 03 #046,Foundation Stock Service,,,,,Guardian Dog
Ariege Pointer,France,Group 07 Section 01 #177,,,,,,Gun Dog
Ariegeois,France,Group 06 Section 01 #020,,,,,,Scenthound
Armant,Egypt,,,,,,,
Armenian Gampr dog,Armenia,,,,,,,
Artois Hound,France,Group 06 Section 01 #028,,,,,,
Australian Cattle Dog,Australia,Group 01 Section 02 #287,Herding Group,Group 05 (Working Dogs),Group 07 - (Herding Dogs),Pastoral,Working,Herding Dog
Australian Kelpie,Australia,Group 01 Section 01 #293,,Group 05 (Working Dogs),Group 07 - (Herding Dogs),,Working,Herding Dog
Australian Shepherd,United States,Group 01 Section 01 #342,Herding Group,Group 05 (Working Dogs),Group 07 - (Herding Dogs),Pastoral,Working,Herding Dog
Australian Silky Terrier,Australia,Group 03 Section 04 #236,Toy Group,Group 1 (Toys),Group 05 (Toys),Toy,Toy,Terrier
Australian Stumpy Tail Cattle Dog[10],Australia,,,Group 05 - (Working dogs),Group 07 - (Herding Dogs),,Working,Herding Dog
Australian Terrier,Australia,Group 03 Section 02 #008,Terrier Group,Group 02 (Terrier),Group 04 (Terriers),Terriers,Terrier,Terrier
Austrian Black and Tan Hound,Austria,Group 06 Section 01 #063,,,,,,Scenthound
Austrian Pinscher,Austria,Group 02 Section 01 #064,,,,,,Terrier
Azawakh,Mali,Group 10 Section 03 #307,Miscellaneous (Hound),Hound,,Hound,,Sighthound and Pariah
Bakharwal Dog,India,,,,,,,
Barbet,France,Group 08 Section 03 #105,FSS,,Group 01 (Sporting),,,Gun Dog
Basenji,Democratic Republic of the Congo,Group 05 Section 06 #043,Hound Group,Group 04 (Hounds),Group 02 - Hounds,Hound,Hound,Sighthound and Pariah
Basque Shepherd Dog,Spain,,,,,,,
Basset Artésien Normand,France,Group 06 Section 01 #034,,,,,,Scenthound
Basset Bleu de Gascogne,France,Group 06 Section 01 #035,,,Hound,,,Scenthound
Basset Fauve de Bretagne,France,,,,,,Hound,
"Basset Griffon Vendéen, Grand",France,,FSS,,,,,Scenthound
"Basset Griffon Vendéen, Petit",France,Group 06 Section 01 #067,Hound Group,Group 04 (Hounds),Group 02 - Hound,Hound,Hounds,Scenthound
Basset Hound,France,Group 06 Section 01 #163,Hound,Group 4 (Hounds),Group 02 - Hounds,Hound,Hound,Scenthound
Bavarian Mountain Hound,Germany,Group 06 Section 02 #217,,,,,,
Beagle,England,Group 06 Section 01 #161,Hound Group,Group 04 (Hounds),Group 02 – Hounds,Hound,Hound,Scenthound
Beagle-Harrier,France,Group 06 Section 01 #290,,,,,,Scenthound
Bearded Collie,Scotland,Group 01 Section 01 #271,Herding Group,Group 05 (Working Dogs),Group 07 - Herding,Pastoral,Working,Herding Dog
Beauceron,France,Group 01 Section 01 #044,Herding Group,,,Working,,Herding Dog
Bedlington Terrier,United Kingdom,Group 03 Section 01 #009,Terrier Group,Group 02 (Terriers),Group 04 - Terriers,Terrier,Terrier,Terrier
Belgian Shepherd Dog (Groenendael),Belgium,Group 01 Section 01 #015,Herding Group,Group 05 (Working Dogs),Group 07 - Herding Dogs,Pastoral,Working,Herding Dog
Belgian Shepherd Dog (Laekenois),Belgium,Group 01 Section 01 #015,FSS,Group 05 (Working Dogs),Group 07 - Herding Dogs,Pastoral,Working,Herding Dog
Belgian Shepherd Dog (Malinois),Belgium,Group 01 Section 01 #015,Herding Group,Group 05 (Working Dogs),Group 07 - Herding Dogs,Pastoral,Working,Herding Dog
Belgian Shepherd (Tervuren),Belgium,Group 01 Section 01 #015,Herding Group,Group 05 (Working Dogs),Group 07 - Herding Dogs,Pastoral,Working,Herding Dog
Bergamasco Shepherd,Italy,Group 01 Section 01 #194,FSS (Miscellaneous),,Pastoral,,Working,Herding Dog
Berger Blanc Suisse,Switzerland,Group 01 Section 01 #347 Provisional,,,,,,
Berger Picard,France,Group 01 Section 07 #176,FSS,,Group 07 (Herding),,,Herding Dog
Berner Laufhund,Switzerland,,,,,,,
Bernese Mountain Dog,Switzerland,Group 02 Section 03 #045,Working Group,Group 06 (Utility),Group 03 - Working Dogs,Working,Utility,Guardian Dog
Bichon Frisé,"Spain, Belgium",Group 09 Section 01 #215,Non-Sporting Group,Group 01 (Toys),Group 06 - Non-Sporting,Toy,Toy,Companion Dog
Billy,France,Group 06 Section 01 #025,,,,,,Scenthound
Black and Tan Coonhound,United States,Group 06 Section 01 #300,Hound Group,,Group 02 - Hounds,,Hound,Scenthound
Black and Tan Virginia Foxhound,United States,,,,,,,
Bullenbeisser,Germany,Extinct,Extinct,Extinct,Extinct,Extinct,Extinct,Extinct
Black Norwegian Elkhound,Norway,"Group 05 Section 02 #242,268",,Group 04 (Hounds),,,Hounds,
Black Russian Terrier,Union of Soviet Socialist Republics,Group 02 Section 01 #327,Working Group,Group 06 (Utility),Group 03 - Working,Working,Utility,Guardian Dog
Blackmouth Cur,United States,,,,,,,Scenthound
"Bleu de Gascogne, Grand",France,Group 06 Section 01 #022,,,,,,Scenthound
"Bleu de Gascogne, Petit",France,Group 06 Section 01 #031,,,,,,Scenthound
Bloodhound,"Belgium, France",Group 06 Section 01 #084,Hound Group,Group 04 (Hounds),Group 02 - Hounds,Hound,Hound,Scenthound
Blue Lacy,United States,,,,,,,
Blue Paul Terrier,Scotland,Extinct,Extinct,Extinct,Extinct,Extinct,Extinct,Extinct
Bluetick Coonhound,United States,,Hound Group,Group 04 (Hounds),,,Hound,Scenthound
Boerboel,South Africa,,FSS (Miscellaneous),,,,,
Bohemian Shepherd,Czech Republic,,,,,,,
Bolognese,Italy,Group 09 Section 01 #196,FSS,,,Toy,Toy,Companion Dog
Border Collie,"Scotland,England, Wales",Group 01 Section 01 #297,Herding Group,Group 05 (Working Dogs),Group 07 - Herding,Pastoral,Working,Herding Dog
Border Terrier,"Scotland,England",Group 03 Section 01 #010,Terrier Group,Group 02 (Terriers),Group 04 - Terriers,Terrier,Terrier,Terrier
Borzoi,Russia,Group 10 Section 01 #193,Hound Group,Group 04 (Hounds),Group 02 - Hounds,Hound,Hound,Sighthound and Pariah
Bosnian Coarse-haired Hound,Bosnia and Herzegovina,Group 06 Section 01 #155,,,,,,Scenthound
Boston Terrier,United States,Group 09 Section 11 #140,Non-Sporting Group,Group 07 (Non-Sporting),Group 06 - Non-Sporting,Utility,Non Sporting,Companion Dog
Bouvier des Ardennes,Belgium,,,,,,,Herding Dog
Bouvier des Flandres,Belgium,Group 01 Section 02 #191,Herding Group,Group 05 (Working Dogs),Group 07 - Herding Dogs,Working,Working,Herding Dog
Boxer,Germany,Group 02 Section 02 #144,Working Group,Group 06 (Utility),Group 03 - Working,Working,Utility,Guardian Dog
Boykin Spaniel,United States,,Sporting Group,,,,,Gun Dog
Bracco Italiano,Italy,Group 07 Section 01 #202,FSS,,,Gundogs,Gundogs,Gun Dog
Braque d'Auvergne,France,Group 07 Section 01 #180,,,,,,Gun Dog
Braque du Bourbonnais,France,Group 07 Section 01 #179,,,,,,Gun Dog
Braque du Puy,France,Extinct,Extinct,Extinct,Extinct,Extinct,Extinct,Extinct
Braque Francais,France,"#133, 134",,,,,,
Braque Saint-Germain,France,Group 07 Section 01 #115,,,,,,Gun Dog
Brazilian Terrier,Brazil,Group 03 Section 01 #341,,,,,,
Briard,France,Group 01 Section 01 #113,Herding Group,Group 05 (Working Dogs),Group 07 - Herding Dogs,Pastoral,Working,Herding Dog
Briquet Griffon Vendéen,France,Group 06 Section 01 #019,,,,,,
Brittany,France,Group 07 Section 01 #095,Sporting Group,Group 03 (Gundogs),Group 01 - Sporting Dogs,Gundog,Gundogs,Gun Dog
Broholmer,Denmark,Group 02 Section 02 #315,,,,,,Guardian Dog
Bruno Jura Hound,"Switzerland,France",,,,,,,
Bucovina Shepherd Dog,Romania,Group 02 Section 02,,,,,,
Bull and Terrier,United Kingdom,,,,,,,
Bull Terrier,England,Group 03 Section 03 #011,Terrier Group,Group 02 (Terriers),Group 04 - Terriers,Terrier,Terrier,Terrier
Bull Terrier (Miniature),England,Group 03 Section 03 #011b,Terrier Group,Group 02 (Terriers),Group 04 - Terriers,Terrier,Terrier,Terrier
Bulldog,England,Group 02 Section 02 #149,Non-sporting Group,Group 7 (Non-Sporting),Group 06 - (Non-sporting),Utility,Non Sporting,Companion Dog
Bullmastiff,England,Group 02 Section 02 #157,Working Group,Group 06 (Utility),Group 03 - Working Dogs,Working,Utility,Guardian Dog
Bully Kutta,Pakistan,,,,,,,
Burgos Pointer,Spain,,,,,,,Gun Dog
Cairn Terrier,Scotland,Group 03 Section 02 #004,Terrier Group,Group 02 (Terriers),Group 04 - Terriers,Terrier,Terrier,Terrier
Canaan Dog,Israel,Group 05 Section 06 #273,Herding Group,Group 07 (Nonsporting),Group 03 - Working Dogs,Utility,Non Sporting,Sighthound and Pariah
Canadian Eskimo Dog,Canada,,,Group 06 (Utility),Working Dogs,Working,Utility,Northern Breed
Cane Corso,Italy,Group 02 Section 02 #343,Working Group,,,,Utility,Guardian Dog
Cão da Serra de Aires,Portugal,Group 01 Section 01 #093,,,,,,Herding Dog
Cão de Castro Laboreiro,Portugal,Group 02 Section 02 #170,,,,,,Guardian Dog
Cão Fila de São Miguel,Portugal,Group 02 Section 02 #340,,,,,,
Carolina Dog,United States,,,,,,,Sighthound and Pariah
Carpathian Shepherd Dog,Romania,Group 01 Section 01 #305,,,,Pastoral,,Herding Dog
Catahoula Cur,United States,,FSS,,,,,Herding Dog
Catalan Sheepdog,Spain,Group 01 Section 01 #087,,,,,,
Caucasian Shepherd Dog,"Georgia,Armenia,Azerbaijan",Group 02 Section 02 #328,FSS,,,,,Guardian Dog
Cavalier King Charles Spaniel,England,Group 09 Section 07 #136,Toy Group,Group 01 (Toys),Group 05 - Toys,Toy,Toy,Companion Dog
Central Asian Shepherd Dog,Russia,Group 02 Section 02 #335,FSS,,,,Utility,Guardian Dog
Cesky Fousek,Czech Republic,Group 07 Section 01 #245,,,,,Gundogs,Gun Dog
Cesky Terrier,Czech Republic,Group 03 Section 02 #246,FSS (Miscellaneous),Group 02 (Terriers),Group 04 - Terriers,Terrier,Terrier,Terrier
Chesapeake Bay Retriever,United States,Group 08 Section 01 #263,Sporting Group,Group 03 (Gundogs),Group 01 - Sporting Dogs,Gundog,Gundogs,Gun Dog
Chien Français Blanc et Noir,France,Group 06 Section 01 #220,,,,,,Scenthound
Chien Français Blanc et Orange,France,Group 06 Section 01 #316,,,,,,Scenthound
Chien Français Tricolore,France,Group 06 Section 01 #219,,,,,,Scenthound
Chien-gris,France,,,,,,,
Chihuahua,Mexico,Group 09 Section 06 #218,Toy Group,Group 01 (Toys),Group 05—Toys,Toy,Toy,Companion Dog
Chilean Fox Terrier,Chile,,,,,,,
Chinese Chongqing Dog,China,,,,,,,
Chinese Crested Dog,China,Group 09 Section 04 #288,Toy Group,Group 01 (Toys),Group 05—Toys,Toy,Toy,Companion Dog
Chinese Imperial Dog,China,,,,,,,
Chinook,United States,,FSS (Miscellaneous),,,,,Northern Breed
Chippiparai,India,,,,,,,
Chow Chow,China,Group 05 Section 05 #205,Non-Sporting Group,Group 07 (Non-sporting),Group 06 Non-sporting,Utility,Non Sporting,Northern Breed
Cierny Sery,Slovakia,Group canpanion dog,Herding Dog,,,,,
Cimarrón Uruguayo,Uruguay,Group 02 Section 02 #353 Provisional,,,,,,Guardian Dog
Cirneco dell'Etna,Italy,Group 05 Section 07 #199,FSS,,,Hound,,
Clumber Spaniel,England,Group 08 Section 02 #109,Sporting Group,Group 03 (Gundogs),Group 01 - Sporting Dogs,Gundog,Gundogs,Gun Dog
"Collie, Rough",Scotland,Group 01 Section 01 #156,Herding Group,Group 05 (Working dogs),Group 07 - Herding dogs,Pastoral,Working,Herding Dog
"Collie, Smooth",Scotland,Group 01 Section 01 #296,Herding Group,Group 05 (Working dogs),Group 07 - Herding dogs,Pastoral,Working,Herding Dog
Combai,India,,,,,,,
Cordoba Fighting Dog,Argentina,Extinct,Extinct,Extinct,Extinct,Extinct,Extinct,Extinct
Coton de Tulear,Madagascar,Group 09 Section 01 #283,FSS,FSS,Toy,Toy,,Companion Dog
Cretan Hound,Greece,,,,,,,
Croatian Sheepdog,Croatia,Group 01 Section 01 #277,,,,,,Herding Dog
Cumberland Sheepdog,England,Extinct,Extinct,Extinct,Extinct,Extinct,Extinct,Extinct
Curly Coated Retriever,England,Group 08 Section 01 #110,Sporting Group,,Group 01 - Sporting,Gundogs,Gundogs,Gun Dog
Cursinu,Corsica (France),,,,,,,
Czechoslovak Wolfdog,Czechoslovakia,Group 01 Section 01 #332 Hunting group,FSS,,,,,
Dachshund,Germany,Group 04 Section 01 #148,Hound Group,Group 04 (Hounds),,,Hound,Scenthound
Dalmatian,Croatia,Group 06 Section 03 #153,Non-Sporting Group,Group 07 (Non-Sporting),Group 06 (Non-Sporting),Utility,Non Sporting,Companion Dog
Dandie Dinmont Terrier,Scotland,Group 03 Section 02 #168,Terrier Group,Group 02 (Terriers),Group 04 - Terriers,Terrier,Terrier,Terrier
Danish Swedish Farmdog,"Denmark,Sweden",,FSS,,,,,
Deutsche Bracke,Germany,Group 06 Section 01 #299,,,,,,
Doberman Pinscher,Germany,Group 02 Section 01 #143,Working Group,Group 06 (Utility),Group 03 - Working Dogs,Working,Utility,Guardian Dog
Dogo Argentino,Argentina,Group 02 Section 02 #292,Foundation Stock Service,,,,,Guardian Dog
Dogo Cubano,Cuba,Extinct,Extinct,Extinct,Extinct,Extinct,Extinct,Extinct
Dogue de Bordeaux,France,Group 02 Section 02 #116,Working Group,Group 6 (Utility),,Working,Utility,Guardian Dog
Drentse Patrijshond,Netherlands,Group 07 Section 01 #224,FSS,,,,,Gun Dog
Drever,Sweden,Group 06 Section 01 #130,,,Canadian Kennel Club Group 02,,,Scenthound
Dunker,Norway,Group 06 Section 01 #203,,,,,,Scenthound
Dutch Shepherd Dog,Netherlands,Group 01 Section 01 #223,,,,,,Herding Dog
Dutch Smoushond,Netherlands,Group 02 Section 01 #308,,,,,,Terrier
East Siberian Laika,Russia,Group 05 Section 02 #305,,,,,,
East-European Shepherd,Russia,,,,,,,
Elo,Germany,,,,,,,
English Cocker Spaniel,England,Group 08 Section 02 #005,Sporting Group,Group 03 (Gundogs),Group 01 - Sporting Dogs,Gundog,Gundog,Gun Dog
English Coonhound,United States,,FSS (Miscellaneous),,,,,Scenthound
English Foxhound,England,Group 06 Section 01 #159,Hound Group,Group 04 (Hounds),Group 02 - Hounds,Hound,Hound,Scenthound
English Mastiff,England,Group 02 Section 02 #264,Working Group,Group 06 (Utility),Group 03 - Working,Working,Utility,Guardian Dog
English Setter,England,Group 07 Section 02 #002,Sporting Group,Group 03 (Gundogs),Group 01 - Sporting Dogs,Gundog,Gundogs,Gun Dog
English Shepherd,United States,,,,,,,Herding Dog
English Springer Spaniel,England,Group 08 Section 02 #125,Sporting Group,Group 03 (Gundogs),Group 01 - Sporting Dogs,Gundog,Gundogs,Gun Dog
English Toy Terrier (Black & Tan),England,Group 03 Section 04 #013,,Toy,,Toy,Toy,
English Water Spaniel,United Kingdom,Extinct,Extinct,Extinct,Extinct,Extinct,Extinct,Extinct
English White Terrier,United Kingdom,Extinct,Extinct,Extinct,Extinct,Extinct,Extinct,Extinct
Entlebucher Mountain Dog,Switzerland,Group 02 Section 03 #047,Herding Group,,Group 03 - Working Dogs,Working,,Guardian Dog
Épagneul Bleu de Picardie,France,Group 07 Section 01 #106,,,Group 01 - Sporting,,,Gun Dog
Estonian Hound,Estonia,,,,,,,
Estrela Mountain Dog,Portugal,Group 02 Section 02 #173,FSS,,,Pastoral,Utility,Guardian Dog
Eurasier,Germany,Group 05 Section 05 #291,FSS,Group 07 (Non-Sporting),Group 03 - Working Dogs,Utility,Non Sporting,Northern Breed
Field Spaniel,England,Group 08 Section 02 #123,Sporting Group,Group 03 (Gundogs),Group 01 - Sporting Dogs,Gundog,Gundogs,Gun Dog
Fila Brasileiro,Brazil,Group 02 Section 02 #225,,,,,Utility,
Finnish Hound,Finland,Group 06 Section 01 #051,,,,,,Scenthound
Finnish Lapphund,Finland,Group 05 Section 03 #189,FSS (Miscellaneous),Group 05 (Working Dogs),Group 07,Pastoral,Working,Northern Breed
Finnish Spitz,Finland,Group 05 Section 02 #049,Non-Sporting Group,Group 04 (Hounds),Group 02 - Hounds,Hound,Hound,Northern Breed
Flat-Coated Retriever,United Kingdom,Group 08 Section 01 #121,Sporting Group,Group 03 (Gundogs),Group 01 - Sporting Dogs,Gundog,Gundogs,Gun Dog
Formosan Mountain Dog,Taiwan,Group 05 Section 07 #348,,,,,,
Fox Terrier (Smooth),England,Group 03 Section 01 #012,Terrier Group,Group 02 (Terriers),Group 04 - Terriers,Terrier,Terrier,Terrier
"Fox Terrier, Wire",England,Group 03 Section 01 #169,Terrier Group,Group 02 (Terriers),Group 04 - Terriers,Terrier,Terrier,Terrier
French Brittany,France,Group 07 Section 01,,,,,,
French Bulldog,"England, France",Group 09 Section 11 #101,Non-Sporting Group,Group 07 (Non-Sporting),Group 06 - Non-Sporting,Utility,Non Sporting,Companion Dog
French Spaniel,France,Group 07 Section 01 #175,,,Group 01 (Sporting),,,Gun Dog
Galgo Español,Spain,Group 10 Section 03 #285,,,,,,Sighthound and Pariah
Gascon Saintongeois,France,Group 06 Section 01 #21,,,,,,Scenthound
Georgian shepherd,Georgia,,,,,,,Guardian Dog
German Longhaired Pointer,Germany,,FSS,FSS,Group 01 (Sporting),,Gundogs,Gun Dog
German Pinscher,Germany,Group 02 Section 01 #184,Working Group,Group 06 (Utility),Group 06 - Non-Sporting,Working,Utility,Terrier
German Rough-haired Pointer,Germany,,,,,,,Gun Dog
German Shepherd Dog,Germany,Group 01 Section 01 #166,Herding Group,Group 05 (Working Dogs),Group 07 - Herding Dogs,Pastoral,Working,Herding Dog
German Shorthaired Pointer,Germany,Group 07 Section 01 #119,Sporting Group,Group 03 (Gundogs),Group 01 - Sporting Dogs,Gundog,Gundogs,Gun Dog
German Spaniel,Germany,Group 08 Section 02 #104,,,,,,Gun Dog
German Spitz,Germany,Group 05 Section 04 #097,FSS,Group 07 (Non Sporting),,Utility,Non Sporting,Northern Breed
German Wirehaired Pointer,Germany,Group 07 Section 01 #098,Sporting Group,Group 03 (Gundogs),Group 01 - Sporting Dogs,Gundog,Gundogs,Gun Dog
Giant Schnauzer,Germany,Group 02 Section 01 #181,Working Group,Group 06 (Utility),Group 03 - Working Dogs,Working,Utility,Herding Dog
Glen of Imaal Terrier,Ireland,Group 03 Section 01 #302,Terrier Group,Group 02 (Terriers),,Terrier,Terrier,Terrier
Golden Retriever,Scotland,Group 08 Section 01 #111,Sporting Group,Group 03 (Gundogs),Group 01 - Sporting Dogs,Sporting Dog,Gundogs,Gun Dog
Gordon Setter,Scotland,Group 07 Section 02 #006,Sporting Group,Group 03 (Gundogs),Group 01 - Sporting Dogs,Gundog,Gundogs,Gun Dog
Gran Mastín de Borínquen,Puerto Rico,,,,,,,
Grand Anglo-Français Blanc et Noir,France,Group 06 Section 02 #323,,,,,,Scenthound
Grand Anglo-Français Blanc et Orange,France,Group 06 Section 02 #324,,,,,,Scenthound
Grand Anglo-Français Tricolore,France,Group 06 Section 02 #322,,,,,,Scenthound
Grand Griffon Vendéen,France,Group 06 Section 01 #282,,,,,,
Great Dane,Germany,Group 02 Section 02 #235,Working Group,,,Working,Non Sporting,Guardian Dog
Great Pyrenees,"France, Spain",Group 02 Section 02 #137,Working Group,Group 06 (Utility),Group 03 - Working Dogs,Pastoral,Utility,Guardian Dog
Greater Swiss Mountain Dog,Switzerland,Group 02 Section 03 #058,Working Group,,Working,,,Guardian Dog
Greek Harehound,Greece,Group 06 Section 1.2 #214,,,,,,Scenthound Group
Greenland Dog,Greenland,Group 05 Section 01 #274,,,Group 03 - Working Dogs,Working,,Northern Breed
Greyhound,,Group 10 Section 03 #158,Hound Group,Group 04 (Hounds),Group 02 - Hounds,Hound,Hound,Sighthound and Pariah
Griffon Bleu de Gascogne,France,Group 06 Section 01 #032,,,,,,Scenthound
Griffon Bruxellois,Belgium,"Group 09 Section 03 #080,081,082",Toy Group,Group 01 (Toy),Group 05(Toy),Toy,Toy,Companion Dog
Griffon Fauve de Bretagne,France,Group 06 Section 01 #066,,,,,,Scenthound
Griffon Nivernais,France,Group 06 Section 01 #017,,,,,,Scenthound
Hamiltonstövare,Sweden,Group 06 Section 01 #132,,Group 04 (Hounds),,Hound,Hound,Scenthound
Hanover Hound,Germany,Group 06 Section 02 #213,,,,,,Scenthound
Hare Indian Dog,"Canada, United States",Extinct,Extinct,Extinct,Extinct,Extinct,Extinct,Extinct
Harrier,United Kingdom,Group 06 Section 01 #295,Hound Group,Group 04 (Hounds),Group 02 (Hounds),,Hound,Scenthound
Havanese,Western Mediterranean Region,Group 09 Section 01 #250,Toy Group,Group 01 (Toys),Group 05 — Toys,Toy,Toy,Companion Dog
Hawaiian Poi Dog,United States,Extinct,Extinct,Extinct,Extinct,Extinct,Extinct,Extinct
Himalayan Sheepdog,Nepal,,,,,,,
Hokkaido,Japan,Group 05 Section 05 #261,,,,,,
Hortaya Borzaya,"Ukraine,Southern Russia,Belarus",,,,,,,
Hovawart,Germany,Group 02 Section 02 #190,,FSS,Group 02 - Working,Working,,Guardian Dog
Huntaway,New Zealand,,,,,,,
Hygenhund,Norway,,,,,,,
Ibizan Hound,Spain,Group 05 Section 07 #089,Hound Group,Group 04 (Hounds),Group 02 - Hounds,Hound,Hound,Sighthound and Pariah
Icelandic Sheepdog,Iceland,Group 05 Section 03 #289,Herding Group,,Group 07 - Herding,,Working,Northern Breed
Indian Spitz,India,,,,,,,
Irish Red and White Setter,Ireland,Group 07 Section 02 #330,Sporting Group,Group 03 (Gundogs),Group 01 - Sporting Dogs,Gundog,Gundogs,Gun Dog
Irish Setter,Ireland,Group 07 Section 02 #120,Sporting Group,Group 03 (Gundogs),Group 01 - Sporting Dogs,Gundog,Gundogs,Gun Dog
Irish Terrier,Ireland,Group 03 Section 01 #139,Terrier Group,Group 02 (Terriers),Group 04 - Terrier,Terrier,Terrier,Terrier
Irish Water Spaniel,Ireland,Group 08 Section 03 #124,Sporting Group,Group 03 (Gundogs),Group 01 - Sporting Dogs,Gundog,Gundogs,Gun Dog
Irish Wolfhound,Ireland,Group 10 Section 02 #160,Hound Group,Group 04 (Hound),Group 02 (Hound),Hound,Hound,Sighthound and Pariah
Istrian Coarse-haired Hound,Croatia,Group 06 Section 01 #152,,,,,,Scenthound
Istrian Shorthaired Hound,Croatia,Group 06 Section 01 #151,,,,,,Scenthound
Italian Greyhound,Italy,Group 10 Section 03 #200,Toy Group,Group 01 (Toys),Group 05 - Toys,Toy,Toy,Companion Dog
Jack Russell Terrier,England,Group 03 Section 02 #345,,Group 2 (Terriers),,,Terrier,Terrier
Jagdterrier,Germany,Group 03 Section 01 #103,,,,,,Terrier
Jämthund,Sweden,Group 05 Section 02 #042,,,,,,Northern Breed
Japanese Chin,Japan,Group 09 Section 08 #206,Toy Group,Group 01 (Toys),Group 05 (Toys),Toy,Toy,Companion Dog
Japanese Spitz,Japan,Group 05 Section 05 #262,,7 (Non-Sporting),"VI, Non-Sporting",Utility,Non Sporting,Northern Breed
Japanese Terrier,Japan,Group 03 Section 02 #259,,,,,,
Kaikadi,India,,,,,,,
Kai Ken,Japan,Group 05 Section 05 #317,FSS,,,,,
Kangal Dog,Turkey,,,Group 06 (Utility),,Pastoral,Utility,Guardian Dog
Kanni,India,,,,,,,
Karakachan Dog,Bulgaria,,,,,,,
Karelian Bear Dog,Finland,Group 05 Section 02 #048,FSS,,Group 03 - Working Dogs,,,Northern Breed
Karst Shepherd,Slovenia,Group 02 Section 02 #278,,,,,,Guardian Dog
Keeshond,"Netherlands,Germany",Group 05 Section 04 #097,Non-Sporting Group,Group 07 (Non-sporting),Group 06 (Non-sporting),Utility,Non Sporting,Northern Breed
Kerry Beagle,Ireland,,,,,,,
Kerry Blue Terrier,Ireland,Group 03 Section 01 #003,Terrier Group,Group 02 (Terriers),Group 04 - Terriers,Terrier,Terrier,Terrier
King Charles Spaniel,England,Group 09 Section 07 #128,Toy Group,Group 01 Toys,Group 05 - Toys,Toy,Toy,Companion Dog
King Shepherd,United States,,,,,,,
Kintamani,Indonesia,,,,,,,
Kishu,Japan,Group 05 Section 05 #318,FSS,,,,,
Komondor,Hungary,Group 01 Section 01 #053,Working Group,Group 05 (Working Dogs),Group 03 - Working Dogs,Pastoral,Working,Guardian Dog
Kooikerhondje,Netherlands,Group 08 Section 02 #314,FSS,,,Gundog,,Gun Dog
Koolie,Australia,,,,,,,
Korean Jindo Dog,South Korea,Group 05 Section 05 #334,FSS,,,,,Northern Breeds
Kromfohrländer,Germany,Group 09 Section 10 #192,,,,,,Terrier
Kunming Wolfdog,China,,,,,,,
Kurī,New Zealand,Extinct,Extinct,Extinct,Extinct,Extinct,Extinct,Extinct
Kuvasz,Hungary,Group 01 Section 01 #054,Working Group,Group 05 (Working Dogs),Group 03 - Working Dogs,Pastoral,Working,Guardian Dog
Kyi-Leo,United States,,,,,,,
Labrador Husky,Canada,,,,,,,
Labrador Retriever,"Canada, England",Group 08 Section 01 #122,Sporting Group,Group 03 (Gun dogs),Group 01 — Sporting Dogs,Gun dog,Gundogs,Gun Dog
Lagotto Romagnolo,Italy,Group 08 Section 03 #298,FSS,,Group 03 Gundogs,Gundogs,Gundogs,Gun Dog
Lakeland Terrier,England,Group 03 Section 01 #070,Terrier Group,Group 02 (Terriers),Group 04 - Terrier,Terrier,Terrier,Terrier
Lancashire Heeler,England,,FSS,,,Pastoral,,
Landseer,Canada,Group 02 Section 02 #226,,,,,,
Lapponian Herder,Finland,Group 05 Section 03 #284,,,,,,Herding Dog
Leonberger,Germany,Group 02 Section 02 #145,Working Group,Group 06 (Utility),Working Dogs,Working,Utility,Guardian Dog
Lhasa Apso,Tibet,Group 09 Section 05 #227,Non-Sporting Group,Group 07 (Non-Sporting),Group 06 - Non-sporting Dogs,Utility,Non Sporting,Companion Dog
Lithuanian Hound,Lithuania,,,,,,,
Longhaired Whippet,United States,,,,,,,
Löwchen,"Germany,France,Netherlands,Spain",Group 09 Section 01 #233,Non-Sporting Group,Group 01(Toys),Group 06 (Non-Sporting),Toys,Toys,Companion Dog
Magyar Agár,"Hungary,Transylvania",,,,,,,
Maltese,Italy,Group 09 Section 01 #065,Toy Group,Group 01 (Toys),Group 05 - Toys,Toy,Toy,Companion Dog
Manchester Terrier,England,Group 03 Section 01 #071,"Terrier Group, Toy Group",,,Terrier,Terrier,Terrier
Maremma Sheepdog,Italy,Group 01 Section 01 #201,,Group 05 (Working Dogs),,Pastoral,Working,Guardian Dog
McNab,United States,,,,,,,
Mexican Hairless Dog,Mexico,Group 05 Section 06 #234,Non-Sporting Group,,Toys/Non Sporting,Utility,,Sighthound and Pariah
Miniature Australian Shepherd,United States,,,,,,,
Miniature American Shepherd,United States,,FSS (Miscellaneous),,,,,Herding Dog
Miniature Fox Terrier,Australia,,,,,,,
Miniature Pinscher,Germany,Group 02 Section 01 #185,Toy Group,Group 01 (Toys),Group 05 - Toys,Toy,Toy,Companion Dog
Miniature Schnauzer,Germany,Group 02 Section 01 #183,Terrier Group,Group 06 (Utility),Group 04 - Terriers,Utility,Utility,Terrier
Miniature Shar Pei,China,,,,,,,
Mioritic,Romania,Group 01 Section 01 #349,,,,,,
Molossus,Greece,Extinct,Extinct,Extinct,Extinct,Extinct,Extinct,Extinct
Montenegrin Mountain Hound,Montenegro,Group 06 Section 01 #279,,,,,,
Moscow Watchdog,Russia,,,,,,,
Moscow Water Dog,Russia,Extinct,Extinct,Extinct,Extinct,Extinct,Extinct,Extinct
Mountain Cur,United States,,,,,,,Scenthound
Mucuchies,Venezuela,,,,,,,
Mudhol Hound,India,,,,,,,
Mudi,Hungary,Group 01 Section 01 #238,FSS,,,,,Herding Dog
"Münsterländer, Large",Germany,Group 07 Section 01 #118,,Group 03 (Gundogs),,Gundog,Gundogs,Gun Dog
"Münsterländer, Small",Germany,Group 07 Section 01 #102,FSS,,Miscellaneous,Gundog,,Gun Dog
Neapolitan Mastiff,Italy,Group 02 Section 02 #197,Working Group,Group 06 (Utility),Miscellaneous,Working,Utility,Guardian Dog
Newfoundland,Canada,Group 02 Section 02 #050,Working Group,Group 06 (Utility),Group 03 - Working Dogs,Working,Utility,Guardian Dog
New Zealand Heading Dog,New Zealand,,,,,,,
Norfolk Spaniel,United Kingdom,Extinct,Extinct,Extinct,Extinct,Extinct,Extinct,Extinct
Norfolk Terrier,Great Britain,Group 03 Section 02 #272,Terrier Group,Group 02 Terriers,Terrier,Terrier,Terrier,Terrier
Norrbottenspets,Sweden,Group 05 Section 02 #276,FSS,,Group 02 - Hounds,,,Northern Breed
North Country Beagle,Great Britain,Extinct,Extinct,Extinct,Extinct,Extinct,Extinct,Extinct
Northern Inuit Dog,England,,,,,,,
Norwegian Buhund,Norway,Group 05 Section 03 #237,Herding Group,Group 05 (Working Dogs),Group 07 - Herding,Pastoral,Working,Northern Breed
Norwegian Elkhound,Norway,Group 05 Section 02 #242,Hound Group,Group 04 (Hounds),Group 02 - Hounds,Hound,Hound,Northern Breed
Norwegian Lundehund,Norway,Group 05 Section 02 #265,Non-Sporting Group,,Group 02 - Hounds,,,Northern Breed
Norwich Terrier,United Kingdom,Group 03 Section 02 #072,Terrier Group,Group 02 (Terriers),Group 04 - Terriers,Terrier,Terrier,Terrier
Nova Scotia Duck-Tolling Retriever,Canada,Group 08 Section 01 #312,Sporting Group,Group 03 (Gundogs),Group 01 - Sporting Dogs,Gundog,Gundogs,Gun Dog
Old Croatian Sighthound,Croatia,,,,,,,
Old Danish Pointer,Denmark,Group 07 Section 01 #281,,,,,,
Old English Sheepdog,England,Group 01 Section 01 #016,Herding Group,Working Group,Group 07 - Herding Dogs,Pastoral,Working,Herding Dog
Old English Terrier,England,,,,,,,
Old German Shepherd Dog,Germany,,,,,,,
Old Time Farm Shepherd,United States,,,,,,,
Olde English Bulldogge,United States,,,,,,,CDHPR
Otterhound,England,Group 06 Section 02 #294,Hound Group,Group 04 (Hounds),Group 02 - Hounds,Hound,Hound,Scenthound
Pachon Navarro,Spain,,,,,,,
Paisley Terrier,Scotland,Extinct,Extinct,Extinct,Extinct,Extinct,Extinct,Extinct
Papillon,"Spain, Belgium,France",Group 09 Section 09 #077,Toy Group,Group 01 (Toys),Group 02- Toys,Toy,Toy,Companion Dog
Parson Russell Terrier,England,Group 03 Section 01 #339,Terrier Group,Group 02 (Terrier),Terrier,Terrier,Terrier,Terrier
Patterdale Terrier,England,,,,,,,Terrier
Pekingese,China,Group 09 Section 08 #207,Toy Group,Group 01 (Toys),Group 05- Toys,Toy,Toy,Companion Dog
Perro de Presa Canario,Spain,Group 02 Section 02 #346,FSS,,,,,Guardian Dog
Perro de Presa Mallorquin,Spain,Group 02 Section 02 #249,,,,,,Guardian Dog
Peruvian Hairless Dog,Peru,Group 05 Section 06 #310,FSS (Miscellaneous),,,,Non Sporting,Sighthound and Pariah
Phalène,"Belgium, Spain",,,,,,,
Pharaoh Hound,Malta,Group 05 Section 06 #248,Hound Group,Group 04 (Hounds),Group 02 - Hounds,Hound,Hound,Sighthound and Pariah
Phu Quoc ridgeback dog,Vietnam,,,,,,,
Picardy Spaniel,France,Group 07 Section 01 #108,,,Miscellaneous,,,Gun Dog
Plott Hound,United States,,Hound Group,,,,,Scenthound
Podenco Canario,Spain,Group 05 Section 07 #329,FSS,,,,,Sighthound and Pariah
Pointer,England,Group 07 Section 02 #001,Sporting Group,Group 03 (Gundogs),Group 01 - Sporting Dogs,Gundog,Gundogs,Gun Dog
Polish Greyhound,Poland,Group 10 Section 03 #333,,,Miscellaneous,,,Sighthound and Pariah
Polish Hound,Poland,Group 06 Section 01 #052,,,,,,
Polish Hunting Dog,Poland,Group 06 Section 01 #354,,,,,,
Polish Lowland Sheepdog,Poland,Group 01 Section 01 #251,Herding Group,Group 05 (Working),Group 07 - Herding,Pastoral,Working,Herding Dog
Polish Tatra Sheepdog,Poland,Group 01 Section 01 #252,,,,,,Guardian Dog
Pomeranian,"Germany,Poland",Group 05 Section 04 #097,Toy Group,Group 01 (Toys),Group 05- Toys,Toy,Toy,Companion Dog
Pont-Audemer Spaniel,France,Group 07 Section 01 #114,,,,,,
Poodle,"Germany,France",Group 09 Section 02 #172,"Non-Sporting Group, Toy Group",Group 07 (Non-Sporting),"Group 06 - Non-Sporting, Group 05 - Toys",Utility,Utility,"Companion Dog, Gun Dog"
Porcelaine,France,Group 06 Section 01 #030,,,,,,
Portuguese Podengo,Portugal,Group 05 Section 07 #094,FSS,,,Hound,,Sighthound and Pariah
Portuguese Pointer,Portugal,Group 07 Section 01 #187,FSS,,,,,Gun Dog
Portuguese Water Dog,Portugal,Group 08 Section 03 #037,Working Group,Group 06 (Utility),Group 03 - Working dogs,Working,Utility,Gun Dog
Posavac Hound,Croatia,Group 06 Section 01 #154,,,,,,Scenthound
Pražský Krysařík,Czech Republic,,,,,,,
Pudelpointer,Germany,Group 07 Section 01 #216,,,Group 01 - Sporting Dogs,,,Gun Dog
Pug,China,Group 09 Section 11 #253,Toy Group,Group 01 (Toys),Group 05- Toys,Toy,Toy,Companion Dog
Puli,Hungary,Group 01 Section 01 #055,Herding Group,Group 05 (Working),Group 07 - Herding Dogs,Pastoral,Working,Herding Dog
Pumi,Hungary,Group 01 Section 01 #056,FSS (Miscellaneous),Group 05 (Working),,,Working,Herding Dog
Pungsan Dog,North Korea,,,,,,,
Pyrenean Mastiff,Spain,Group 02 Section 02 #092,,,,,Utility,
Pyrenean Shepherd,France,Group 01 Section 01 #141,Herding Group,,Group 07 (Herding),Pastoral,Utility,Herding Dog
Rafeiro do Alentejo,Portugal,Group 02 Section 02 #096,FSS,,,,,Guardian Dog
Rajapalayam,India,,,,,,,
Rampur Greyhound,India,,,,,,,
Rastreador Brasileiro,Brazil,Extinct,Extinct,Extinct,Extinct,Extinct,Extinct,Extinct
Ratonero Bodeguero Andaluz,Spain,,,,,,,
Ratonero Valenciano,Spain,,,,,,,
Rat Terrier,United States,,FSS (Miscellaneous),,,,,Terriers
Redbone Coonhound,United States,,Miscellaneous,,,,,Scenthound
Rhodesian Ridgeback,Zimbabwe,Group 06 Section 03 #146,Hound Group,Group 04 (Hounds),Group 02 - Hounds,Hound,Hound,Sighthound and Pariah
Rottweiler,Germany,Group 02 Section 02 #147,Working Group,Group 06 (Utility),Group 03 - Working,Working,Utility,Guardian Dog
Russian Spaniel,Russia,,,,,,,
Russian Toy,Russia,Group 09 Section 09 #352 Provisional,FSS,,,,,Companion Dog
Russian tracker,Russia,Extinct,Extinct,Extinct,Extinct,Extinct,Extinct,Extinct
Russo-European Laika,Russia,Group 05 Section 02 #304,,,,,,
Russell Terrier,England,Group 03 Section 02 #345,FSS (Miscellaneous),Group 02 (Terriers),,,,Terrier
Saarlooswolfhond,"Netherlands,Germany",Group 01 Section 01 #311,,,,,,Herding Dog
Sabueso Español,Spain,Group 06 Section 01 #204,,,,,,Scenthound
Saint-Usuge Spaniel,France,,,,,,,
Sakhalin Husky,Japan,,,,,,,
Saluki,Middle East,Group 10 Section 01 #269,Hound Group,Group 04 (Hounds),Group 02 - Hounds,Hound,Hound,Sighthound and Pariah
Samoyed,Russia,Group 05 Section 01 #212,Working Group,Group 06 (Utility),Group 03 - Working Dogs,Pastoral,Utility,Northern Breed
Sapsali,Korea,,,,,,,
Šarplaninac,"Serbia, Republic of Macedonia",Group 02 Section 02 #041,,,Miscellaneous List,,,Guardian Dog
Schapendoes,Netherlands,Group 03 Section 01 #313,FSS,,Herding Group,,,Herding Dog
Schillerstövare,Sweden,Group 06 Section 01 #131,,,,,,Scenthound
Schipperke,Belgium,Group 01 Section 01 #083,Non-Sporting Group,Group 07 (Non-sporting),Group 06 (Non-sporting),Utility,Non Sporting,Companion Dog
Standard Schnauzer,Germany,Group 02 Section 01 #182,Working Group,Group 6 (Utility),Group 3 - Working Dogs,Working,Utility,Herding Dog
Schweizer Laufhund,Switzerland,Group 06 Section 01 #059,,,,,,
Schweizerischer Niederlaufhund,Switzerland,Group 06 Section 01 #060,,,,,,Scenthound
Scotch Collie,Scotland,,,,,,,
Scottish Deerhound,Scotland,Group 10 Section 02 #164,Hound Group,Group 4 (Hounds),Group 2 - Hounds,Hound,Hound,Sighthound and Pariah
Scottish Terrier,Scotland,Group 03 Section 02 #073,Terrier Group,Group 2 (Terriers),Group 4 - Terriers,Terrier,Terrier,Terrier
Sealyham Terrier,Wales,Group 03 Section 02 #074,Terrier Group,Group 2 (Terriers),Group 4 - Terrier,Terrier,Terrier,Terrier
Segugio Italiano,Italy,Group 06 Section 01 #337 #198,,,,Hound,,
Seppala Siberian Sleddog,Canada,,,,,,,
Serbian Hound,Serbia,Group 06 Section 01 #150,,,,,,
Serbian Tricolour Hound,Serbia,Group 06 Section 01 #229,,,,,,
Shar Pei,China,Group 02 Section 02 #309,Non-Sporting Group,Group 7 (Non-Sporting),Group 6 - Non-Sporting,Utility,Non Sporting,Northern Breed
Shetland Sheepdog,Scotland,Group 01 Section 01 #088,Herding Group,Group 5 (Working Dogs),Group 7 - Herding Dogs,Pastoral,Working,Herding Dog
Shiba Inu,Japan,Group 05 Section 05 #257,Non-Sporting Group,Group 6 (Utility),Group 6 - Non-Sporting,Utility,Utility,Northern Breed
Shih Tzu,China,Group 09 Section 05 #208,Toy Group,Group 7 - Non-Sporting,Group 6 - Non-Sporting,Utility,Non Sporting,Companion Dog
Shikoku,Japan,Group 05 Section 05 #319,,,,,,Northern Breed
Shiloh Shepherd Dog,United States,,,,,,,
Siberian Husky,Russia,Group 05 Section 01 #270,Working Group,Group 6 (Utility),Group 3 (Working),Working,Utility,Northern Breed
Silken Windhound,United States,,,,,,,Sighthound and Pariah
Sinhala Hound,Sri Lanka,,,,,,,
Skye Terrier,Scotland,Group 03 Section 02 #075,Terrier Group,Group 2 (Terriers),Group 4 (Terriers),Terrier,Terrier,Terrier
Sloughi,Morocco,Group 10 Section 03 #188,FSS (Miscellaneous),Group 4 (Hounds),,Hound,Hound,Sighthound and Pariah
Slovak Cuvac,Slovakia,Group 01 Section 01 #142,FSS,,,,,Guardian Dog
Slovakian Rough-haired Pointer,Slovakia,Group 07 Section 01 #320,,,,,,
Slovenský Kopov,Slovakia,Group 06 Section 01 #244,,,,,,Scenthound
Smålandsstövare,Sweden,,,,,,,
Small Greek Domestic Dog,Greece,,,,,,,
Soft-Coated Wheaten Terrier,Ireland,Group 03 Section 01 #040,Terrier Group,Group 2 (Terriers),Group 4 - Terriers,Terrier,Terrier,Terrier
South Russian Ovcharka,Russia,Group 01 Section 01 #326,,,,,,Guardian Dog
Southern Hound,Britain,Extinct,Extinct,Extinct,Extinct,Extinct,Extinct,Extinct
Spanish Mastiff,Spain,Group 02 Section 02 #091,FSS,,,,,
Spanish Water Dog,Spain,Group 08 Section 03 #336,FSS,,,Gundog,Gundogs,Gun Dog
Spinone Italiano,Italy,Group 07 Section 01 #165,Sporting Group,Group 3 (Gundogs),Sporting,Gundog,Gundogs,Gun Dog
Sporting Lucas Terrier,England,,,,,,,Terrier
St. Bernard,"Italy, Switzerland",Group 02 Section 02 #061,Working Group,Utility Group,Working Group,Working Group,Utility,Guardian Dog
St. John's water dog,"Newfoundland,Canada",Extinct,Extinct,Extinct,Extinct,Extinct,Extinct,Extinct
Stabyhoun,Netherlands,Group 07 Section 01 #222,FSS,,,,,Gun Dog
Staffordshire Bull Terrier,England,Group 03 Section 03 #076,Terrier Group,Group 2 (Terriers),Group 4 - Terriers,Terrier,Terrier,Terrier
Stephens Cur,United States,,,,,,,Scenthound
Styrian Coarse-haired Hound,Austria,Group 06 Section 01 #062,,,,,,Scenthound
Sussex Spaniel,England,Group 08 Section 02 #127,Sporting Group,Group 3 (Gundogs),Group 1 - Sporting Dogs,Gundog,Gundogs,Gun Dog
Swedish Lapphund,Sweden,Group 05 Section 03 #135,FSS,,,,Working,
Swedish Vallhund,Sweden,Group 05 Section 03 #014,Herding Group,Group 5 (Working Dogs),Group 7 (Herding Dogs),Pastoral,Working,Herding Dog
Tahltan Bear Dog,Canada,Extinct,Extinct,Extinct,Extinct,Extinct,Extinct,Extinct
Taigan,Kyrgyzstan,,,,,,,
Talbot,,Extinct,Extinct,Extinct,Extinct,Extinct,Extinct,Extinct
Tamaskan Dog,Finland,,,,,,,
Teddy Roosevelt Terrier,United States,,,,,,,Terrier
Telomian,Malaysia,,,,,,,
Tennessee Treeing Brindle,United States,,,,,,,
Tenterfield Terrier,Australia,,,Group 2 (Terriers),,,Terrier,
Thai Bangkaew Dog,Thailand,,,,,,,
Thai Ridgeback,Thailand,Group 05 Section 08 #338,FSS,,,,,Sighthound and Pariah
Tibetan Mastiff,China,Group 02 Section 02 #230,Working Group,Group 6 (Utility),,Working,Utility,Guardian Dog
Tibetan Spaniel,Tibet,Group 09 Section 05 #231,Non-Sporting Group,Group 1 (Toys),Group 6 - Non-Sporting Dogs,Utility,Non Sporting,Companion Dog
Tibetan Terrier,Tibet,Group 09 Section 05 #209,Non-Sporting Group,Group 1 (Toys),Group 6 - Non-Sporting Dogs,Utility,Non Sporting,Companion Dog
Tornjak,"Bosnia and Herzegovina,Croatia",Group 02 Section 02 #355 (provisional),,,,,,
Tosa,Japan,Group 02 Section 02 #260,FSS,,,,,Guarding Dog
Toy Bulldog,,Extinct,Extinct,Extinct,Extinct,Extinct,Extinct,Extinct
Toy Fox Terrier,United States,,Toy Group,,,,,Terrier
Toy Manchester Terrier,"England, United States",,Toy Group,Toy Group,,,,Terrier
Toy Trawler Spaniel,United Kingdom,Extinct,Extinct,Extinct,Extinct,Extinct,Extinct,Extinct
Transylvanian Hound,Hungary,Group 06 Section 01 #241,,,,,,Scenthound
Treeing Cur,United States,,,,,,,
Treeing Walker Coonhound,United States,,FSS (Miscellaneous),,,,,Scenthound
Trigg Hound,"Kentucky, United States",,,,,,,
Tweed Water Spaniel,United Kingdom,Extinct,Extinct,Extinct,Extinct,Extinct,Extinct,Extinct
Tyrolean Hound,Austria,Group 06 Section 01 #068,,,,,,
Vizsla,Hungary,Group 07 Section 01 #057,Sporting Group,Group 3 (Gundogs),Group 1 - Sporting Dogs,Gundog,Gundogs,Gun Dog
Volpino Italiano,Italy,Group 05 Section 04 #195,,,,,,
Weimaraner,Germany,Group 07 Section 01 #099,Sporting Group,Group 3 (Gun dogs),Group 1 - Sporting,Gun dog,Gundogs,Gun Dog
"Welsh Corgi, Cardigan",Wales,Group 01 Section 01 #038,Herding Group,Group 5 (Working Dogs),Group 7 - Herding Dogs,Pastoral,Working,Herding Dog
"Welsh Corgi, Pembroke",Wales,Group 01 Section 08 #039,Herding Group,Group 5 (Working Dogs),Group 7 - Herding Dogs,Pastoral,Working,Herding Dog
Welsh Sheepdog,Wales,,,,,,,
Welsh Springer Spaniel,Wales,Group 08 Section 02 #126,Sporting Group,Group 3 (Gundogs),Sporting dogs,Gundog,Gundogs,Gun Dog
Welsh Terrier,Wales,Group 03 Section 01 #078,Terrier Group,Group 2 (Terriers),Group 4 - Terrier,Terrier,Terrier,Terrier
West Highland White Terrier,Scotland,Group 03 Section 02 #085,Terrier Group,Group 2 (Terriers),Group 4 - Terrier,Terrier,Terrier,Terrier
West Siberian Laika,Russia,Group 05 Section 02 #306,,,,,,
Westphalian Dachsbracke,Germany,Group 06 Section 01 #100,,,,,,Scenthound
Wetterhoun,Netherlands,Group 08 Section 03 #221,,,,,,Gun Dog
Whippet,England,Group 10 Section 03 #162,Hound Group,Group 4 (Hounds),Group 2 (Hounds),Hound,Hound,Sighthound and Pariah
White Shepherd,United States,,,,,,Working,Herding Dog
Wirehaired Pointing Griffon,"Netherlands,France",Group 07 Section 01 #107,Sporting Group,,Group 1 - Sporting Dogs,Gundog,,Gun Dog
Wirehaired Vizsla,Hungary,Group 07 Section 01 ##239,FSS (Miscellaneous),Group 1 - Sporting Dogs,Gundog,,,Gun Dog
Yorkshire Terrier,England,Group 03 Section 04 #086,Toy Group,Group 1 (Toys),"Group V, Toys",Toy Group,Toy,Companion Dog